{"0": {"cluster": 1, "coord": [0.8924467191263976, 0.13081642817905434]}, "1": {"cluster": 3, "coord": [0.1624786600397618, 0.45861816166127]}, "2": {"cluster": 0, "coord": [0.07584959741344427, 0.0]}, "3": {"cluster": 0, "coord": [0.11958654750233044, 0.1508193963471438]}, "4": {"cluster": 0, "coord": [0.0, 0.19852572090606752]}, "5": {"cluster": 0, "coord": [0.14469085814037172, 0.23080350693437826]}, "6": {"cluster": 1, "coord": [1.0, 0.38414269218651226]}, "7": {"cluster": 2, "coord": [0.20227000690220176, 1.0]}}